﻿<?xml version="1.0" encoding="UTF-8"?>
<CanadaCities>
<CanadaCity>
	<city>Selkirk</city>
	<city_ascii>Selkirk</city_ascii>
	<lat>50.15</lat>
	<lng>-96.883300000000006</lng>
	<country>Canada</country>
	<admin_name>Manitoba</admin_name>
	<capital/>
	<population>9986</population>
	<id>1124499880</id>
</CanadaCity>
<CanadaCity>
	<city>Trepassey</city>
	<city_ascii>Trepassey</city_ascii>
	<lat>46.737000000000002</lat>
	<lng>-53.363300000000002</lng>
	<country>Canada</country>
	<admin_name>Newfoundland and Labrador</admin_name>
	<capital/>
	<population>398</population>
	<id>1124344083</id>
</CanadaCity>
<CanadaCity>
	<city>Schefferville</city>
	<city_ascii>Schefferville</city_ascii>
	<lat>54.8</lat>
	<lng>-66.816699999999997</lng>
	<country>Canada</country>
	<admin_name>Québec</admin_name>
	<capital/>
	<population>471</population>
	<id>1124403382</id>
</CanadaCity>
<CanadaCity>
	<city>Whitehorse</city>
	<city_ascii>Whitehorse</city_ascii>
	<lat>60.716700000000003</lat>
	<lng>-135.05000000000001</lng>
	<country>Canada</country>
	<admin_name>Yukon</admin_name>
	<capital>admin</capital>
	<population>23276</population>
	<id>1124348186</id>
</CanadaCity>
<CanadaCity>
	<city>Trout River</city>
	<city_ascii>Trout River</city_ascii>
	<lat>49.483699999999999</lat>
	<lng>-58.116599999999998</lng>
	<country>Canada</country>
	<admin_name>Newfoundland and Labrador</admin_name>
	<capital/>
	<population>452</population>
	<id>1124733447</id>
</CanadaCity>
<CanadaCity>
	<city>Yorkton</city>
	<city_ascii>Yorkton</city_ascii>
	<lat>51.217100000000002</lat>
	<lng>-102.4665</lng>
	<country>Canada</country>
	<admin_name>Saskatchewan</admin_name>
	<capital/>
	<population>15172</population>
	<id>1124108820</id>
</CanadaCity>
<CanadaCity>
	<city>Antigonish</city>
	<city_ascii>Antigonish</city_ascii>
	<lat>45.626899999999999</lat>
	<lng>-61.998199999999997</lng>
	<country>Canada</country>
	<admin_name>Nova Scotia</admin_name>
	<capital/>
	<population>6739</population>
	<id>1124839247</id>
</CanadaCity>
<CanadaCity>
	<city>Gander</city>
	<city_ascii>Gander</city_ascii>
	<lat>48.95</lat>
	<lng>-54.55</lng>
	<country>Canada</country>
	<admin_name>Newfoundland and Labrador</admin_name>
	<capital/>
	<population>3345</population>
	<id>1124310517</id>
</CanadaCity>
<CanadaCity>
	<city>Berens River</city>
	<city_ascii>Berens River</city_ascii>
	<lat>52.366599999999998</lat>
	<lng>-97.033299999999997</lng>
	<country>Canada</country>
	<admin_name>Manitoba</admin_name>
	<capital/>
	<population>892</population>
	<id>1124806860</id>
</CanadaCity>
<CanadaCity>
	<city>Port-Menier</city>
	<city_ascii>Port-Menier</city_ascii>
	<lat>49.822600000000001</lat>
	<lng>-64.347999999999999</lng>
	<country>Canada</country>
	<admin_name>Québec</admin_name>
	<capital/>
	<population>263</population>
	<id>1124109240</id>
</CanadaCity>
<CanadaCity>
	<city>Wetaskiwin</city>
	<city_ascii>Wetaskiwin</city_ascii>
	<lat>52.9666</lat>
	<lng>-113.38330000000001</lng>
	<country>Canada</country>
	<admin_name>Alberta</admin_name>
	<capital/>
	<population>11823</population>
	<id>1124492484</id>
</CanadaCity>
<CanadaCity>
	<city>Shamattawa</city>
	<city_ascii>Shamattawa</city_ascii>
	<lat>55.8504</lat>
	<lng>-92.083299999999994</lng>
	<country>Canada</country>
	<admin_name>Manitoba</admin_name>
	<capital/>
	<population>870</population>
	<id>1124131561</id>
</CanadaCity>
<CanadaCity>
	<city>Steinbach</city>
	<city_ascii>Steinbach</city_ascii>
	<lat>49.517099999999999</lat>
	<lng>-96.683300000000003</lng>
	<country>Canada</country>
	<admin_name>Manitoba</admin_name>
	<capital/>
	<population>9729</population>
	<id>1124152692</id>
</CanadaCity>
<CanadaCity>
	<city>Thunder Bay</city>
	<city_ascii>Thunder Bay</city_ascii>
	<lat>48.446199999999997</lat>
	<lng>-89.275000000000006</lng>
	<country>Canada</country>
	<admin_name>Ontario</admin_name>
	<capital/>
	<population>99334</population>
	<id>1124398712</id>
</CanadaCity>
<CanadaCity>
	<city>Oshawa</city>
	<city_ascii>Oshawa</city_ascii>
	<lat>43.88</lat>
	<lng>-78.849999999999994</lng>
	<country>Canada</country>
	<admin_name>Ontario</admin_name>
	<capital/>
	<population>450963</population>
	<id>1124541904</id>
</CanadaCity>
<CanadaCity>
	<city>Chicoutimi</city>
	<city_ascii>Chicoutimi</city_ascii>
	<lat>48.433300000000003</lat>
	<lng>-71.066699999999997</lng>
	<country>Canada</country>
	<admin_name>Québec</admin_name>
	<capital/>
	<population>53940</population>
	<id>1124426272</id>
</CanadaCity>
<CanadaCity>
	<city>Melville</city>
	<city_ascii>Melville</city_ascii>
	<lat>50.933300000000003</lat>
	<lng>-102.8</lng>
	<country>Canada</country>
	<admin_name>Saskatchewan</admin_name>
	<capital/>
	<population>4279</population>
	<id>1124823140</id>
</CanadaCity>
<CanadaCity>
	<city>Brooks</city>
	<city_ascii>Brooks</city_ascii>
	<lat>50.567100000000003</lat>
	<lng>-111.9</lng>
	<country>Canada</country>
	<admin_name>Alberta</admin_name>
	<capital/>
	<population>14163</population>
	<id>1124093123</id>
</CanadaCity>
<CanadaCity>
	<city>Dauphin</city>
	<city_ascii>Dauphin</city_ascii>
	<lat>51.15</lat>
	<lng>-100.05</lng>
	<country>Canada</country>
	<admin_name>Manitoba</admin_name>
	<capital/>
	<population>9077</population>
	<id>1124144510</id>
</CanadaCity>
<CanadaCity>
	<city>Smithers</city>
	<city_ascii>Smithers</city_ascii>
	<lat>54.766599999999997</lat>
	<lng>-127.1666</lng>
	<country>Canada</country>
	<admin_name>British Columbia</admin_name>
	<capital/>
	<population>6245</population>
	<id>1124191574</id>
</CanadaCity>
<CanadaCity>
	<city>Terrace</city>
	<city_ascii>Terrace</city_ascii>
	<lat>54.5</lat>
	<lng>-128.58330000000001</lng>
	<country>Canada</country>
	<admin_name>British Columbia</admin_name>
	<capital/>
	<population>19443</population>
	<id>1124878479</id>
</CanadaCity>
<CanadaCity>
	<city>Lutselke</city>
	<city_ascii>Lutselke</city_ascii>
	<lat>62.400100000000002</lat>
	<lng>-110.7333</lng>
	<country>Canada</country>
	<admin_name>Northwest Territories</admin_name>
	<capital/>
	<population>102</population>
	<id>1124525451</id>
</CanadaCity>
<CanadaCity>
	<city>Resolute</city>
	<city_ascii>Resolute</city_ascii>
	<lat>74.683300000000003</lat>
	<lng>-94.9</lng>
	<country>Canada</country>
	<admin_name>Nunavut</admin_name>
	<capital/>
	<population>250</population>
	<id>1124211405</id>
</CanadaCity>
<CanadaCity>
	<city>Quesnel</city>
	<city_ascii>Quesnel</city_ascii>
	<lat>52.983699999999999</lat>
	<lng>-122.4833</lng>
	<country>Canada</country>
	<admin_name>British Columbia</admin_name>
	<capital/>
	<population>13788</population>
	<id>1124028015</id>
</CanadaCity>
<CanadaCity>
	<city>Island Lake</city>
	<city_ascii>Island Lake</city_ascii>
	<lat>53.9666</lat>
	<lng>-94.766599999999997</lng>
	<country>Canada</country>
	<admin_name>Manitoba</admin_name>
	<capital/>
	<population>10</population>
	<id>1124887306</id>
</CanadaCity>
<CanadaCity>
	<city>Halifax</city>
	<city_ascii>Halifax</city_ascii>
	<lat>44.65</lat>
	<lng>-63.6</lng>
	<country>Canada</country>
	<admin_name>Nova Scotia</admin_name>
	<capital>admin</capital>
	<population>359111</population>
	<id>1124130981</id>
</CanadaCity>
<CanadaCity>
	<city>Watson Lake</city>
	<city_ascii>Watson Lake</city_ascii>
	<lat>60.116599999999998</lat>
	<lng>-128.80000000000001</lng>
	<country>Canada</country>
	<admin_name>Yukon</admin_name>
	<capital/>
	<population>802</population>
	<id>1124162676</id>
</CanadaCity>
<CanadaCity>
	<city>Sydney</city>
	<city_ascii>Sydney</city_ascii>
	<lat>46.066099999999999</lat>
	<lng>-60.18</lng>
	<country>Canada</country>
	<admin_name>Nova Scotia</admin_name>
	<capital/>
	<population>37538</population>
	<id>1124205375</id>
</CanadaCity>
<CanadaCity>
	<city>Dawson Creek</city>
	<city_ascii>Dawson Creek</city_ascii>
	<lat>55.767000000000003</lat>
	<lng>-120.2333</lng>
	<country>Canada</country>
	<admin_name>British Columbia</admin_name>
	<capital/>
	<population>10802</population>
	<id>1124081402</id>
</CanadaCity>
<CanadaCity>
	<city>Uranium City</city>
	<city_ascii>Uranium City</city_ascii>
	<lat>59.566600000000001</lat>
	<lng>-108.61660000000001</lng>
	<country>Canada</country>
	<admin_name>Saskatchewan</admin_name>
	<capital/>
	<population>89</population>
	<id>1124993293</id>
</CanadaCity>
<CanadaCity>
	<city>Timmins</city>
	<city_ascii>Timmins</city_ascii>
	<lat>48.4666</lat>
	<lng>-81.333299999999994</lng>
	<country>Canada</country>
	<admin_name>Ontario</admin_name>
	<capital/>
	<population>34974</population>
	<id>1124760634</id>
</CanadaCity>
<CanadaCity>
	<city>Saskatoon</city>
	<city_ascii>Saskatoon</city_ascii>
	<lat>52.17</lat>
	<lng>-106.67</lng>
	<country>Canada</country>
	<admin_name>Saskatchewan</admin_name>
	<capital/>
	<population>198958</population>
	<id>1124612546</id>
</CanadaCity>
<CanadaCity>
	<city>Iqaluit</city>
	<city_ascii>Iqaluit</city_ascii>
	<lat>63.750500000000002</lat>
	<lng>-68.500200000000007</lng>
	<country>Canada</country>
	<admin_name>Nunavut</admin_name>
	<capital>admin</capital>
	<population>6124</population>
	<id>1124379539</id>
</CanadaCity>
<CanadaCity>
	<city>Alert</city>
	<city_ascii>Alert</city_ascii>
	<lat>82.4833</lat>
	<lng>-62.25</lng>
	<country>Canada</country>
	<admin_name>Nunavut</admin_name>
	<capital/>
	<population>125</population>
	<id>1124921853</id>
</CanadaCity>
<CanadaCity>
	<city>Thessalon</city>
	<city_ascii>Thessalon</city_ascii>
	<lat>46.25</lat>
	<lng>-83.55</lng>
	<country>Canada</country>
	<admin_name>Ontario</admin_name>
	<capital/>
	<population>1464</population>
	<id>1124087342</id>
</CanadaCity>
<CanadaCity>
	<city>Yellowknife</city>
	<city_ascii>Yellowknife</city_ascii>
	<lat>62.442</lat>
	<lng>-114.39700000000001</lng>
	<country>Canada</country>
	<admin_name>Northwest Territories</admin_name>
	<capital>admin</capital>
	<population>19234</population>
	<id>1124208917</id>
</CanadaCity>
<CanadaCity>
	<city>Camrose</city>
	<city_ascii>Camrose</city_ascii>
	<lat>53.0167</lat>
	<lng>-112.81659999999999</lng>
	<country>Canada</country>
	<admin_name>Alberta</admin_name>
	<capital/>
	<population>15808</population>
	<id>1124351657</id>
</CanadaCity>
<CanadaCity>
	<city>Campbell River</city>
	<city_ascii>Campbell River</city_ascii>
	<lat>50.017099999999999</lat>
	<lng>-125.25</lng>
	<country>Canada</country>
	<admin_name>British Columbia</admin_name>
	<capital/>
	<population>33430</population>
	<id>1124851971</id>
</CanadaCity>
<CanadaCity>
	<city>Revelstoke</city>
	<city_ascii>Revelstoke</city_ascii>
	<lat>51.000500000000002</lat>
	<lng>-118.1833</lng>
	<country>Canada</country>
	<admin_name>British Columbia</admin_name>
	<capital/>
	<population>7668</population>
	<id>1124070926</id>
</CanadaCity>
<CanadaCity>
	<city>Meadow Lake</city>
	<city_ascii>Meadow Lake</city_ascii>
	<lat>54.130099999999999</lat>
	<lng>-108.43470000000001</lng>
	<country>Canada</country>
	<admin_name>Saskatchewan</admin_name>
	<capital/>
	<population>5882</population>
	<id>1124434578</id>
</CanadaCity>
<CanadaCity>
	<city>Atikokan</city>
	<city_ascii>Atikokan</city_ascii>
	<lat>48.750399999999999</lat>
	<lng>-91.616600000000005</lng>
	<country>Canada</country>
	<admin_name>Ontario</admin_name>
	<capital/>
	<population>3625</population>
	<id>1124868159</id>
</CanadaCity>
<CanadaCity>
	<city>Creston</city>
	<city_ascii>Creston</city_ascii>
	<lat>49.1</lat>
	<lng>-116.5167</lng>
	<country>Canada</country>
	<admin_name>British Columbia</admin_name>
	<capital/>
	<population>4816</population>
	<id>1124204302</id>
</CanadaCity>
<CanadaCity>
	<city>Gillam</city>
	<city_ascii>Gillam</city_ascii>
	<lat>56.35</lat>
	<lng>-94.7</lng>
	<country>Canada</country>
	<admin_name>Manitoba</admin_name>
	<capital/>
	<population>1281</population>
	<id>1124560722</id>
</CanadaCity>
<CanadaCity>
	<city>Cranbrook</city>
	<city_ascii>Cranbrook</city_ascii>
	<lat>49.5167</lat>
	<lng>-115.7667</lng>
	<country>Canada</country>
	<admin_name>British Columbia</admin_name>
	<capital/>
	<population>18610</population>
	<id>1124937794</id>
</CanadaCity>
<CanadaCity>
	<city>Little Current</city>
	<city_ascii>Little Current</city_ascii>
	<lat>45.966999999999999</lat>
	<lng>-81.933300000000003</lng>
	<country>Canada</country>
	<admin_name>Ontario</admin_name>
	<capital/>
	<population>1595</population>
	<id>1124386809</id>
</CanadaCity>
<CanadaCity>
	<city>Calgary</city>
	<city_ascii>Calgary</city_ascii>
	<lat>51.082999999999998</lat>
	<lng>-114.08</lng>
	<country>Canada</country>
	<admin_name>Alberta</admin_name>
	<capital/>
	<population>1110000</population>
	<id>1124690423</id>
</CanadaCity>
<CanadaCity>
	<city>Big Beaver House</city>
	<city_ascii>Big Beaver House</city_ascii>
	<lat>52.95</lat>
	<lng>-89.883300000000006</lng>
	<country>Canada</country>
	<admin_name>Ontario</admin_name>
	<capital/>
	<population>10</population>
	<id>1124557709</id>
</CanadaCity>
<CanadaCity>
	<city>Parry Sound</city>
	<city_ascii>Parry Sound</city_ascii>
	<lat>45.3337</lat>
	<lng>-80.033000000000001</lng>
	<country>Canada</country>
	<admin_name>Ontario</admin_name>
	<capital/>
	<population>7105</population>
	<id>1124245809</id>
</CanadaCity>
<CanadaCity>
	<city>Kamloops</city>
	<city_ascii>Kamloops</city_ascii>
	<lat>50.666699999999999</lat>
	<lng>-120.33329999999999</lng>
	<country>Canada</country>
	<admin_name>British Columbia</admin_name>
	<capital/>
	<population>68714</population>
	<id>1124735582</id>
</CanadaCity>
<CanadaCity>
	<city>Dolbeau</city>
	<city_ascii>Dolbeau</city_ascii>
	<lat>48.866599999999998</lat>
	<lng>-72.2333</lng>
	<country>Canada</country>
	<admin_name>Québec</admin_name>
	<capital/>
	<population>13337</population>
	<id>1124037070</id>
</CanadaCity>
<CanadaCity>
	<city>St. John&apos;s</city>
	<city_ascii>St. John&apos;s</city_ascii>
	<lat>47.585000000000001</lat>
	<lng>-52.680999999999997</lng>
	<country>Canada</country>
	<admin_name>Newfoundland and Labrador</admin_name>
	<capital>admin</capital>
	<population>131469</population>
	<id>1124741456</id>
</CanadaCity>
<CanadaCity>
	<city>Lansdowne House</city>
	<city_ascii>Lansdowne House</city_ascii>
	<lat>52.2166</lat>
	<lng>-87.883300000000006</lng>
	<country>Canada</country>
	<admin_name>Ontario</admin_name>
	<capital/>
	<population>120</population>
	<id>1124130748</id>
</CanadaCity>
<CanadaCity>
	<city>Paulatuk</city>
	<city_ascii>Paulatuk</city_ascii>
	<lat>69.383300000000006</lat>
	<lng>-123.9833</lng>
	<country>Canada</country>
	<admin_name>Northwest Territories</admin_name>
	<capital/>
	<population>294</population>
	<id>1124599203</id>
</CanadaCity>
<CanadaCity>
	<city>Attawapiskat</city>
	<city_ascii>Attawapiskat</city_ascii>
	<lat>52.916600000000003</lat>
	<lng>-82.433300000000003</lng>
	<country>Canada</country>
	<admin_name>Ontario</admin_name>
	<capital/>
	<population>1802</population>
	<id>1124363788</id>
</CanadaCity>
<CanadaCity>
	<city>Rimouski</city>
	<city_ascii>Rimouski</city_ascii>
	<lat>48.433700000000002</lat>
	<lng>-68.5167</lng>
	<country>Canada</country>
	<admin_name>Québec</admin_name>
	<capital/>
	<population>35584</population>
	<id>1124433645</id>
</CanadaCity>
<CanadaCity>
	<city>Grand Prairie</city>
	<city_ascii>Grand Prairie</city_ascii>
	<lat>55.166600000000003</lat>
	<lng>-118.8</lng>
	<country>Canada</country>
	<admin_name>Alberta</admin_name>
	<capital/>
	<population>41462</population>
	<id>1124505481</id>
</CanadaCity>
<CanadaCity>
	<city>La Sarre</city>
	<city_ascii>La Sarre</city_ascii>
	<lat>48.8</lat>
	<lng>-79.2</lng>
	<country>Canada</country>
	<admin_name>Québec</admin_name>
	<capital/>
	<population>7206</population>
	<id>1124902252</id>
</CanadaCity>
<CanadaCity>
	<city>Mingan</city>
	<city_ascii>Mingan</city_ascii>
	<lat>50.3018</lat>
	<lng>-64.017300000000006</lng>
	<country>Canada</country>
	<admin_name>Québec</admin_name>
	<capital/>
	<population>588</population>
	<id>1124305694</id>
</CanadaCity>
<CanadaCity>
	<city>Prince Albert</city>
	<city_ascii>Prince Albert</city_ascii>
	<lat>53.2</lat>
	<lng>-105.75</lng>
	<country>Canada</country>
	<admin_name>Saskatchewan</admin_name>
	<capital/>
	<population>34609</population>
	<id>1124158154</id>
</CanadaCity>
<CanadaCity>
	<city>Moose Jaw</city>
	<city_ascii>Moose Jaw</city_ascii>
	<lat>50.4</lat>
	<lng>-105.55</lng>
	<country>Canada</country>
	<admin_name>Saskatchewan</admin_name>
	<capital/>
	<population>32166</population>
	<id>1124806868</id>
</CanadaCity>
<CanadaCity>
	<city>Powell River</city>
	<city_ascii>Powell River</city_ascii>
	<lat>49.883699999999997</lat>
	<lng>-124.55</lng>
	<country>Canada</country>
	<admin_name>British Columbia</admin_name>
	<capital/>
	<population>12779</population>
	<id>1124154376</id>
</CanadaCity>
<CanadaCity>
	<city>Pangnirtung</city>
	<city_ascii>Pangnirtung</city_ascii>
	<lat>66.133300000000006</lat>
	<lng>-65.75</lng>
	<country>Canada</country>
	<admin_name>Nunavut</admin_name>
	<capital/>
	<population>1320</population>
	<id>1124731886</id>
</CanadaCity>
<CanadaCity>
	<city>Nelson</city>
	<city_ascii>Nelson</city_ascii>
	<lat>49.483699999999999</lat>
	<lng>-117.2833</lng>
	<country>Canada</country>
	<admin_name>British Columbia</admin_name>
	<capital/>
	<population>11779</population>
	<id>1124361295</id>
</CanadaCity>
<CanadaCity>
	<city>Peace River</city>
	<city_ascii>Peace River</city_ascii>
	<lat>56.2333</lat>
	<lng>-117.2833</lng>
	<country>Canada</country>
	<admin_name>Alberta</admin_name>
	<capital/>
	<population>5340</population>
	<id>1124941936</id>
</CanadaCity>
<CanadaCity>
	<city>Cobalt</city>
	<city_ascii>Cobalt</city_ascii>
	<lat>47.383699999999997</lat>
	<lng>-79.683300000000003</lng>
	<country>Canada</country>
	<admin_name>Ontario</admin_name>
	<capital/>
	<population>1372</population>
	<id>1124248298</id>
</CanadaCity>
<CanadaCity>
	<city>New Glasgow</city>
	<city_ascii>New Glasgow</city_ascii>
	<lat>45.583300000000001</lat>
	<lng>-62.633299999999998</lng>
	<country>Canada</country>
	<admin_name>Nova Scotia</admin_name>
	<capital/>
	<population>20322</population>
	<id>1124760188</id>
</CanadaCity>
<CanadaCity>
	<city>Arctic Bay</city>
	<city_ascii>Arctic Bay</city_ascii>
	<lat>73.033299999999997</lat>
	<lng>-85.166600000000003</lng>
	<country>Canada</country>
	<admin_name>Nunavut</admin_name>
	<capital/>
	<population>604</population>
	<id>1124556203</id>
</CanadaCity>
<CanadaCity>
	<city>Burwash Landing</city>
	<city_ascii>Burwash Landing</city_ascii>
	<lat>61.3504</lat>
	<lng>-139</lng>
	<country>Canada</country>
	<admin_name>Yukon</admin_name>
	<capital/>
	<population>73</population>
	<id>1124021816</id>
</CanadaCity>
<CanadaCity>
	<city>Saint-Georges</city>
	<city_ascii>Saint-Georges</city_ascii>
	<lat>46.117100000000001</lat>
	<lng>-70.666700000000006</lng>
	<country>Canada</country>
	<admin_name>Québec</admin_name>
	<capital/>
	<population>26149</population>
	<id>1124154865</id>
</CanadaCity>
<CanadaCity>
	<city>Vancouver</city>
	<city_ascii>Vancouver</city_ascii>
	<lat>49.273400000000002</lat>
	<lng>-123.1216</lng>
	<country>Canada</country>
	<admin_name>British Columbia</admin_name>
	<capital/>
	<population>2313328</population>
	<id>1124825478</id>
</CanadaCity>
<CanadaCity>
	<city>Medicine Hat</city>
	<city_ascii>Medicine Hat</city_ascii>
	<lat>50.033299999999997</lat>
	<lng>-110.6833</lng>
	<country>Canada</country>
	<admin_name>Alberta</admin_name>
	<capital/>
	<population>63138</population>
	<id>1124303972</id>
</CanadaCity>
<CanadaCity>
	<city>Port Hope Simpson</city>
	<city_ascii>Port Hope Simpson</city_ascii>
	<lat>52.533299999999997</lat>
	<lng>-56.3</lng>
	<country>Canada</country>
	<admin_name>Newfoundland and Labrador</admin_name>
	<capital/>
	<population>197</population>
	<id>1124159024</id>
</CanadaCity>
<CanadaCity>
	<city>Deer Lake</city>
	<city_ascii>Deer Lake</city_ascii>
	<lat>49.174399999999999</lat>
	<lng>-57.426900000000003</lng>
	<country>Canada</country>
	<admin_name>Newfoundland and Labrador</admin_name>
	<capital/>
	<population>4163</population>
	<id>1124841556</id>
</CanadaCity>
<CanadaCity>
	<city>Vegreville</city>
	<city_ascii>Vegreville</city_ascii>
	<lat>53.5</lat>
	<lng>-112.05</lng>
	<country>Canada</country>
	<admin_name>Alberta</admin_name>
	<capital/>
	<population>5813</population>
	<id>1124534321</id>
</CanadaCity>
<CanadaCity>
	<city>Bella Bella</city>
	<city_ascii>Bella Bella</city_ascii>
	<lat>52.148400000000002</lat>
	<lng>-128.1173</lng>
	<country>Canada</country>
	<admin_name>British Columbia</admin_name>
	<capital/>
	<population>1400</population>
	<id>1124480592</id>
</CanadaCity>
<CanadaCity>
	<city>Rankin Inlet</city>
	<city_ascii>Rankin Inlet</city_ascii>
	<lat>62.816699999999997</lat>
	<lng>-92.095299999999995</lng>
	<country>Canada</country>
	<admin_name>Nunavut</admin_name>
	<capital/>
	<population>2472</population>
	<id>1124057160</id>
</CanadaCity>
<CanadaCity>
	<city>Owen Sound</city>
	<city_ascii>Owen Sound</city_ascii>
	<lat>44.566600000000001</lat>
	<lng>-80.849999999999994</lng>
	<country>Canada</country>
	<admin_name>Ontario</admin_name>
	<capital/>
	<population>22625</population>
	<id>1124623613</id>
</CanadaCity>
<CanadaCity>
	<city>Lac La Biche</city>
	<city_ascii>Lac La Biche</city_ascii>
	<lat>54.771900000000002</lat>
	<lng>-111.96469999999999</lng>
	<country>Canada</country>
	<admin_name>Alberta</admin_name>
	<capital/>
	<population>2986</population>
	<id>1124501918</id>
</CanadaCity>
<CanadaCity>
	<city>Hopedale</city>
	<city_ascii>Hopedale</city_ascii>
	<lat>55.45</lat>
	<lng>-60.216700000000003</lng>
	<country>Canada</country>
	<admin_name>Newfoundland and Labrador</admin_name>
	<capital/>
	<population>442</population>
	<id>1124338710</id>
</CanadaCity>
<CanadaCity>
	<city>Norway House</city>
	<city_ascii>Norway House</city_ascii>
	<lat>53.9666</lat>
	<lng>-97.833299999999994</lng>
	<country>Canada</country>
	<admin_name>Manitoba</admin_name>
	<capital/>
	<population>6000</population>
	<id>1124567295</id>
</CanadaCity>
<CanadaCity>
	<city>Coral Harbour</city>
	<city_ascii>Coral Harbour</city_ascii>
	<lat>64.153800000000004</lat>
	<lng>-83.176599999999993</lng>
	<country>Canada</country>
	<admin_name>Nunavut</admin_name>
	<capital/>
	<population>834</population>
	<id>1124748087</id>
</CanadaCity>
<CanadaCity>
	<city>Kugluktuk</city>
	<city_ascii>Kugluktuk</city_ascii>
	<lat>67.798699999999997</lat>
	<lng>-115.1254</lng>
	<country>Canada</country>
	<admin_name>Nunavut</admin_name>
	<capital/>
	<population>1302</population>
	<id>1124349489</id>
</CanadaCity>
<CanadaCity>
	<city>Norman Wells</city>
	<city_ascii>Norman Wells</city_ascii>
	<lat>65.283699999999996</lat>
	<lng>-126.85</lng>
	<country>Canada</country>
	<admin_name>Northwest Territories</admin_name>
	<capital/>
	<population>1027</population>
	<id>1124868628</id>
</CanadaCity>
<CanadaCity>
	<city>Fort Resolution</city>
	<city_ascii>Fort Resolution</city_ascii>
	<lat>61.166600000000003</lat>
	<lng>-113.68300000000001</lng>
	<country>Canada</country>
	<admin_name>Northwest Territories</admin_name>
	<capital/>
	<population>448</population>
	<id>1124395645</id>
</CanadaCity>
<CanadaCity>
	<city>Fort McPherson</city>
	<city_ascii>Fort McPherson</city_ascii>
	<lat>67.491500000000002</lat>
	<lng>-134.89500000000001</lng>
	<country>Canada</country>
	<admin_name>Northwest Territories</admin_name>
	<capital/>
	<population>1069</population>
	<id>1124984904</id>
</CanadaCity>
<CanadaCity>
	<city>Forteau</city>
	<city_ascii>Forteau</city_ascii>
	<lat>51.450400000000002</lat>
	<lng>-56.95</lng>
	<country>Canada</country>
	<admin_name>Newfoundland and Labrador</admin_name>
	<capital/>
	<population>448</population>
	<id>1124235945</id>
</CanadaCity>
<CanadaCity>
	<city>Kuujjuaq</city>
	<city_ascii>Kuujjuaq</city_ascii>
	<lat>58.1</lat>
	<lng>-68.400000000000006</lng>
	<country>Canada</country>
	<admin_name>Québec</admin_name>
	<capital/>
	<population>1273</population>
	<id>1124705411</id>
</CanadaCity>
<CanadaCity>
	<city>Cape Dorset</city>
	<city_ascii>Cape Dorset</city_ascii>
	<lat>64.3125</lat>
	<lng>-76.538600000000002</lng>
	<country>Canada</country>
	<admin_name>Nunavut</admin_name>
	<capital/>
	<population>1326</population>
	<id>1124646146</id>
</CanadaCity>
<CanadaCity>
	<city>Cartwright</city>
	<city_ascii>Cartwright</city_ascii>
	<lat>53.7014</lat>
	<lng>-57.012099999999997</lng>
	<country>Canada</country>
	<admin_name>Newfoundland and Labrador</admin_name>
	<capital/>
	<population>505</population>
	<id>1124810278</id>
</CanadaCity>
<CanadaCity>
	<city>Flin Flon</city>
	<city_ascii>Flin Flon</city_ascii>
	<lat>54.766599999999997</lat>
	<lng>-101.88330000000001</lng>
	<country>Canada</country>
	<admin_name>Manitoba</admin_name>
	<capital/>
	<population>6393</population>
	<id>1124500458</id>
</CanadaCity>
<CanadaCity>
	<city>Holman</city>
	<city_ascii>Holman</city_ascii>
	<lat>70.733400000000003</lat>
	<lng>-117.75</lng>
	<country>Canada</country>
	<admin_name>Northwest Territories</admin_name>
	<capital/>
	<population>500</population>
	<id>1124762461</id>
</CanadaCity>
<CanadaCity>
	<city>Pembroke</city>
	<city_ascii>Pembroke</city_ascii>
	<lat>45.850299999999997</lat>
	<lng>-77.116600000000005</lng>
	<country>Canada</country>
	<admin_name>Ontario</admin_name>
	<capital/>
	<population>15551</population>
	<id>1124877940</id>
</CanadaCity>
<CanadaCity>
	<city>Baker Lake</city>
	<city_ascii>Baker Lake</city_ascii>
	<lat>64.316999999999993</lat>
	<lng>-96.0167</lng>
	<country>Canada</country>
	<admin_name>Nunavut</admin_name>
	<capital/>
	<population>1584</population>
	<id>1124826935</id>
</CanadaCity>
<CanadaCity>
	<city>Moosonee</city>
	<city_ascii>Moosonee</city_ascii>
	<lat>51.2806</lat>
	<lng>-80.658000000000001</lng>
	<country>Canada</country>
	<admin_name>Ontario</admin_name>
	<capital/>
	<population>1725</population>
	<id>1124592907</id>
</CanadaCity>
<CanadaCity>
	<city>Dryden</city>
	<city_ascii>Dryden</city_ascii>
	<lat>49.783299999999997</lat>
	<lng>-92.833299999999994</lng>
	<country>Canada</country>
	<admin_name>Ontario</admin_name>
	<capital/>
	<population>7862</population>
	<id>1124295097</id>
</CanadaCity>
<CanadaCity>
	<city>Corner Brook</city>
	<city_ascii>Corner Brook</city_ascii>
	<lat>48.95</lat>
	<lng>-57.933300000000003</lng>
	<country>Canada</country>
	<admin_name>Newfoundland and Labrador</admin_name>
	<capital/>
	<population>20791</population>
	<id>1124244792</id>
</CanadaCity>
<CanadaCity>
	<city>Kelowna</city>
	<city_ascii>Kelowna</city_ascii>
	<lat>49.9</lat>
	<lng>-119.4833</lng>
	<country>Canada</country>
	<admin_name>British Columbia</admin_name>
	<capital/>
	<population>125109</population>
	<id>1124080626</id>
</CanadaCity>
<CanadaCity>
	<city>Fort Smith</city>
	<city_ascii>Fort Smith</city_ascii>
	<lat>60</lat>
	<lng>-111.88330000000001</lng>
	<country>Canada</country>
	<admin_name>Northwest Territories</admin_name>
	<capital/>
	<population>518</population>
	<id>1124491408</id>
</CanadaCity>
<CanadaCity>
	<city>Fort Severn</city>
	<city_ascii>Fort Severn</city_ascii>
	<lat>55.9833</lat>
	<lng>-87.65</lng>
	<country>Canada</country>
	<admin_name>Ontario</admin_name>
	<capital/>
	<population>125</population>
	<id>1124513059</id>
</CanadaCity>
<CanadaCity>
	<city>Mont-Laurier</city>
	<city_ascii>Mont-Laurier</city_ascii>
	<lat>46.550400000000003</lat>
	<lng>-75.5</lng>
	<country>Canada</country>
	<admin_name>Québec</admin_name>
	<capital/>
	<population>11642</population>
	<id>1124355399</id>
</CanadaCity>
<CanadaCity>
	<city>Channel-Port aux Basques</city>
	<city_ascii>Channel-Port aux Basques</city_ascii>
	<lat>47.567</lat>
	<lng>-59.15</lng>
	<country>Canada</country>
	<admin_name>Newfoundland and Labrador</admin_name>
	<capital/>
	<population>4220</population>
	<id>1124993496</id>
</CanadaCity>
<CanadaCity>
	<city>Kindersley</city>
	<city_ascii>Kindersley</city_ascii>
	<lat>51.466999999999999</lat>
	<lng>-109.13330000000001</lng>
	<country>Canada</country>
	<admin_name>Saskatchewan</admin_name>
	<capital/>
	<population>4383</population>
	<id>1124343190</id>
</CanadaCity>
<CanadaCity>
	<city>Igloolik</city>
	<city_ascii>Igloolik</city_ascii>
	<lat>69.256500000000003</lat>
	<lng>-81.793599999999998</lng>
	<country>Canada</country>
	<admin_name>Nunavut</admin_name>
	<capital/>
	<population>1612</population>
	<id>1124253277</id>
</CanadaCity>
<CanadaCity>
	<city>Hudson Bay</city>
	<city_ascii>Hudson Bay</city_ascii>
	<lat>52.8504</lat>
	<lng>-102.38330000000001</lng>
	<country>Canada</country>
	<admin_name>Saskatchewan</admin_name>
	<capital/>
	<population>2157</population>
	<id>1124151446</id>
</CanadaCity>
<CanadaCity>
	<city>Courtenay</city>
	<city_ascii>Courtenay</city_ascii>
	<lat>49.683300000000003</lat>
	<lng>-125</lng>
	<country>Canada</country>
	<admin_name>British Columbia</admin_name>
	<capital/>
	<population>32793</population>
	<id>1124324905</id>
</CanadaCity>
<CanadaCity>
	<city>Mistassini</city>
	<city_ascii>Mistassini</city_ascii>
	<lat>50.417099999999998</lat>
	<lng>-73.866600000000005</lng>
	<country>Canada</country>
	<admin_name>Québec</admin_name>
	<capital/>
	<population>2645</population>
	<id>1124591114</id>
</CanadaCity>
<CanadaCity>
	<city>Kingston</city>
	<city_ascii>Kingston</city_ascii>
	<lat>44.233699999999999</lat>
	<lng>-76.4833</lng>
	<country>Canada</country>
	<admin_name>Ontario</admin_name>
	<capital/>
	<population>114195</population>
	<id>1124437097</id>
</CanadaCity>
<CanadaCity>
	<city>Eastmain</city>
	<city_ascii>Eastmain</city_ascii>
	<lat>52.2333</lat>
	<lng>-78.5167</lng>
	<country>Canada</country>
	<admin_name>Québec</admin_name>
	<capital/>
	<population>335</population>
	<id>1124594875</id>
</CanadaCity>
<CanadaCity>
	<city>Baie-Comeau</city>
	<city_ascii>Baie-Comeau</city_ascii>
	<lat>49.222700000000003</lat>
	<lng>-68.158000000000001</lng>
	<country>Canada</country>
	<admin_name>Québec</admin_name>
	<capital/>
	<population>10435</population>
	<id>1124859576</id>
</CanadaCity>
<CanadaCity>
	<city>North Bay</city>
	<city_ascii>North Bay</city_ascii>
	<lat>46.3</lat>
	<lng>-79.45</lng>
	<country>Canada</country>
	<admin_name>Ontario</admin_name>
	<capital/>
	<population>50170</population>
	<id>1124058496</id>
</CanadaCity>
<CanadaCity>
	<city>North Battleford</city>
	<city_ascii>North Battleford</city_ascii>
	<lat>52.766599999999997</lat>
	<lng>-108.2833</lng>
	<country>Canada</country>
	<admin_name>Saskatchewan</admin_name>
	<capital/>
	<population>19440</population>
	<id>1124789635</id>
</CanadaCity>
<CanadaCity>
	<city>Grise Fiord</city>
	<city_ascii>Grise Fiord</city_ascii>
	<lat>76.441699999999997</lat>
	<lng>-82.95</lng>
	<country>Canada</country>
	<admin_name>Nunavut</admin_name>
	<capital/>
	<population>23</population>
	<id>1124072601</id>
</CanadaCity>
<CanadaCity>
	<city>Hay River</city>
	<city_ascii>Hay River</city_ascii>
	<lat>60.85</lat>
	<lng>-115.7</lng>
	<country>Canada</country>
	<admin_name>Northwest Territories</admin_name>
	<capital/>
	<population>3900</population>
	<id>1124721803</id>
</CanadaCity>
<CanadaCity>
	<city>Stony Rapids</city>
	<city_ascii>Stony Rapids</city_ascii>
	<lat>59.266599999999997</lat>
	<lng>-105.83329999999999</lng>
	<country>Canada</country>
	<admin_name>Saskatchewan</admin_name>
	<capital/>
	<population>152</population>
	<id>1124279421</id>
</CanadaCity>
<CanadaCity>
	<city>Hinton</city>
	<city_ascii>Hinton</city_ascii>
	<lat>53.4</lat>
	<lng>-117.5834</lng>
	<country>Canada</country>
	<admin_name>Alberta</admin_name>
	<capital/>
	<population>10265</population>
	<id>1124131074</id>
</CanadaCity>
<CanadaCity>
	<city>Toronto</city>
	<city_ascii>Toronto</city_ascii>
	<lat>43.7</lat>
	<lng>-79.42</lng>
	<country>Canada</country>
	<admin_name>Ontario</admin_name>
	<capital>admin</capital>
	<population>5213000</population>
	<id>1124279679</id>
</CanadaCity>
<CanadaCity>
	<city>Edmonton</city>
	<city_ascii>Edmonton</city_ascii>
	<lat>53.55</lat>
	<lng>-113.5</lng>
	<country>Canada</country>
	<admin_name>Alberta</admin_name>
	<capital>admin</capital>
	<population>1058000</population>
	<id>1124290735</id>
</CanadaCity>
<CanadaCity>
	<city>Gjoa Haven</city>
	<city_ascii>Gjoa Haven</city_ascii>
	<lat>68.633300000000006</lat>
	<lng>-95.916700000000006</lng>
	<country>Canada</country>
	<admin_name>Nunavut</admin_name>
	<capital/>
	<population>1109</population>
	<id>1124942230</id>
</CanadaCity>
<CanadaCity>
	<city>Fort Simpson</city>
	<city_ascii>Fort Simpson</city_ascii>
	<lat>61.85</lat>
	<lng>-121.33329999999999</lng>
	<country>Canada</country>
	<admin_name>Northwest Territories</admin_name>
	<capital/>
	<population>283</population>
	<id>1124669512</id>
</CanadaCity>
<CanadaCity>
	<city>Naujaat</city>
	<city_ascii>Repulse Bay</city_ascii>
	<lat>66.529499999999999</lat>
	<lng>-86.282899999999998</lng>
	<country>Canada</country>
	<admin_name>Nunavut</admin_name>
	<capital/>
	<population>1000</population>
	<id>1124398936</id>
</CanadaCity>
<CanadaCity>
	<city>Lethbridge</city>
	<city_ascii>Lethbridge</city_ascii>
	<lat>49.700499999999998</lat>
	<lng>-112.83329999999999</lng>
	<country>Canada</country>
	<admin_name>Alberta</admin_name>
	<capital/>
	<population>70617</population>
	<id>1124321200</id>
</CanadaCity>
<CanadaCity>
	<city>Sudbury</city>
	<city_ascii>Sudbury</city_ascii>
	<lat>46.5</lat>
	<lng>-80.9666</lng>
	<country>Canada</country>
	<admin_name>Ontario</admin_name>
	<capital/>
	<population>157857</population>
	<id>1124539524</id>
</CanadaCity>
<CanadaCity>
	<city>Swift Current</city>
	<city_ascii>Swift Current</city_ascii>
	<lat>50.283700000000003</lat>
	<lng>-107.7666</lng>
	<country>Canada</country>
	<admin_name>Saskatchewan</admin_name>
	<capital/>
	<population>14906</population>
	<id>1124460875</id>
</CanadaCity>
<CanadaCity>
	<city>Regina</city>
	<city_ascii>Regina</city_ascii>
	<lat>50.45</lat>
	<lng>-104.617</lng>
	<country>Canada</country>
	<admin_name>Saskatchewan</admin_name>
	<capital>admin</capital>
	<population>176183</population>
	<id>1124342541</id>
</CanadaCity>
<CanadaCity>
	<city>Cornwall</city>
	<city_ascii>Cornwall</city_ascii>
	<lat>45.017099999999999</lat>
	<lng>-74.7333</lng>
	<country>Canada</country>
	<admin_name>Ontario</admin_name>
	<capital/>
	<population>48821</population>
	<id>1124938303</id>
</CanadaCity>
<CanadaCity>
	<city>Taloyoak</city>
	<city_ascii>Taloyoak</city_ascii>
	<lat>69.533299999999997</lat>
	<lng>-93.533299999999997</lng>
	<country>Canada</country>
	<admin_name>Nunavut</admin_name>
	<capital/>
	<population>774</population>
	<id>1124099415</id>
</CanadaCity>
<CanadaCity>
	<city>Tuktoyaktuk</city>
	<city_ascii>Tuktoyaktuk</city_ascii>
	<lat>69.454800000000006</lat>
	<lng>-133.04920000000001</lng>
	<country>Canada</country>
	<admin_name>Northwest Territories</admin_name>
	<capital/>
	<population>929</population>
	<id>1124437778</id>
</CanadaCity>
<CanadaCity>
	<city>Deer Lake</city>
	<city_ascii>Deer Lake</city_ascii>
	<lat>52.616999999999997</lat>
	<lng>-94.066599999999994</lng>
	<country>Canada</country>
	<admin_name>Ontario</admin_name>
	<capital/>
	<population>3743</population>
	<id>1124585613</id>
</CanadaCity>
<CanadaCity>
	<city>London</city>
	<city_ascii>London</city_ascii>
	<lat>42.97</lat>
	<lng>-81.25</lng>
	<country>Canada</country>
	<admin_name>Ontario</admin_name>
	<capital/>
	<population>346765</population>
	<id>1124469960</id>
</CanadaCity>
<CanadaCity>
	<city>Natashquan</city>
	<city_ascii>Natashquan</city_ascii>
	<lat>50.191299999999998</lat>
	<lng>-61.810699999999997</lng>
	<country>Canada</country>
	<admin_name>Québec</admin_name>
	<capital/>
	<population>722</population>
	<id>1124631749</id>
</CanadaCity>
<CanadaCity>
	<city>Cap-Chat</city>
	<city_ascii>Cap-Chat</city_ascii>
	<lat>49.1</lat>
	<lng>-66.683300000000003</lng>
	<country>Canada</country>
	<admin_name>Québec</admin_name>
	<capital/>
	<population>1484</population>
	<id>1124662875</id>
</CanadaCity>
<CanadaCity>
	<city>Orillia</city>
	<city_ascii>Orillia</city_ascii>
	<lat>44.6</lat>
	<lng>-79.416700000000006</lng>
	<country>Canada</country>
	<admin_name>Ontario</admin_name>
	<capital/>
	<population>37483</population>
	<id>1124049830</id>
</CanadaCity>
<CanadaCity>
	<city>Kenora</city>
	<city_ascii>Kenora</city_ascii>
	<lat>49.7667</lat>
	<lng>-94.4666</lng>
	<country>Canada</country>
	<admin_name>Ontario</admin_name>
	<capital/>
	<population>10852</population>
	<id>1124844807</id>
</CanadaCity>
<CanadaCity>
	<city>Barrie</city>
	<city_ascii>Barrie</city_ascii>
	<lat>44.383800000000001</lat>
	<lng>-79.7</lng>
	<country>Canada</country>
	<admin_name>Ontario</admin_name>
	<capital/>
	<population>182041</population>
	<id>1124340223</id>
</CanadaCity>
<CanadaCity>
	<city>Sherbrooke</city>
	<city_ascii>Sherbrooke</city_ascii>
	<lat>45.4</lat>
	<lng>-71.900000000000006</lng>
	<country>Canada</country>
	<admin_name>Québec</admin_name>
	<capital/>
	<population>139652</population>
	<id>1124559506</id>
</CanadaCity>
<CanadaCity>
	<city>St. Anthony</city>
	<city_ascii>St. Anthony</city_ascii>
	<lat>51.383699999999997</lat>
	<lng>-55.6</lng>
	<country>Canada</country>
	<admin_name>Newfoundland and Labrador</admin_name>
	<capital/>
	<population>224</population>
	<id>1124808047</id>
</CanadaCity>
<CanadaCity>
	<city>Rigolet</city>
	<city_ascii>Rigolet</city_ascii>
	<lat>54.176600000000001</lat>
	<lng>-58.447299999999998</lng>
	<country>Canada</country>
	<admin_name>Newfoundland and Labrador</admin_name>
	<capital/>
	<population>124</population>
	<id>1124015130</id>
</CanadaCity>
<CanadaCity>
	<city>Fort Good Hope</city>
	<city_ascii>Fort Good Hope</city_ascii>
	<lat>66.266599999999997</lat>
	<lng>-128.63329999999999</lng>
	<country>Canada</country>
	<admin_name>Northwest Territories</admin_name>
	<capital/>
	<population>597</population>
	<id>1124011380</id>
</CanadaCity>
<CanadaCity>
	<city>La Scie</city>
	<city_ascii>La Scie</city_ascii>
	<lat>49.966999999999999</lat>
	<lng>-55.582999999999998</lng>
	<country>Canada</country>
	<admin_name>Newfoundland and Labrador</admin_name>
	<capital/>
	<population>817</population>
	<id>1124371570</id>
</CanadaCity>
<CanadaCity>
	<city>Fort St. John</city>
	<city_ascii>Fort St. John</city_ascii>
	<lat>56.25</lat>
	<lng>-120.83329999999999</lng>
	<country>Canada</country>
	<admin_name>British Columbia</admin_name>
	<capital/>
	<population>18776</population>
	<id>1124517495</id>
</CanadaCity>
<CanadaCity>
	<city>Marathon</city>
	<city_ascii>Marathon</city_ascii>
	<lat>48.750399999999999</lat>
	<lng>-86.366699999999994</lng>
	<country>Canada</country>
	<admin_name>Ontario</admin_name>
	<capital/>
	<population>4627</population>
	<id>1124974800</id>
</CanadaCity>
<CanadaCity>
	<city>Gaspé</city>
	<city_ascii>Gaspe</city_ascii>
	<lat>48.837299999999999</lat>
	<lng>-64.493399999999994</lng>
	<country>Canada</country>
	<admin_name>Québec</admin_name>
	<capital/>
	<population>3677</population>
	<id>1124212754</id>
</CanadaCity>
<CanadaCity>
	<city>Nelson House</city>
	<city_ascii>Nelson House</city_ascii>
	<lat>55.8005</lat>
	<lng>-98.85</lng>
	<country>Canada</country>
	<admin_name>Manitoba</admin_name>
	<capital/>
	<population>2500</population>
	<id>1124119363</id>
</CanadaCity>
<CanadaCity>
	<city>Lillooet</city>
	<city_ascii>Lillooet</city_ascii>
	<lat>50.683700000000002</lat>
	<lng>-121.9333</lng>
	<country>Canada</country>
	<admin_name>British Columbia</admin_name>
	<capital/>
	<population>2893</population>
	<id>1124632130</id>
</CanadaCity>
<CanadaCity>
	<city>Fort McMurray</city>
	<city_ascii>Fort McMurray</city_ascii>
	<lat>56.7333</lat>
	<lng>-111.38330000000001</lng>
	<country>Canada</country>
	<admin_name>Alberta</admin_name>
	<capital/>
	<population>21863</population>
	<id>1124169385</id>
</CanadaCity>
<CanadaCity>
	<city>Jasper</city>
	<city_ascii>Jasper</city_ascii>
	<lat>52.883299999999998</lat>
	<lng>-118.0834</lng>
	<country>Canada</country>
	<admin_name>Alberta</admin_name>
	<capital/>
	<population>3907</population>
	<id>1124533812</id>
</CanadaCity>
<CanadaCity>
	<city>Buchans</city>
	<city_ascii>Buchans</city_ascii>
	<lat>48.817</lat>
	<lng>-56.866599999999998</lng>
	<country>Canada</country>
	<admin_name>Newfoundland and Labrador</admin_name>
	<capital/>
	<population>685</population>
	<id>1124564223</id>
</CanadaCity>
<CanadaCity>
	<city>Stettler</city>
	<city_ascii>Stettler</city_ascii>
	<lat>52.332999999999998</lat>
	<lng>-112.6833</lng>
	<country>Canada</country>
	<admin_name>Alberta</admin_name>
	<capital/>
	<population>5494</population>
	<id>1124010388</id>
</CanadaCity>
<CanadaCity>
	<city>La Ronge</city>
	<city_ascii>La Ronge</city_ascii>
	<lat>55.1</lat>
	<lng>-105.3</lng>
	<country>Canada</country>
	<admin_name>Saskatchewan</admin_name>
	<capital/>
	<population>3783</population>
	<id>1124763455</id>
</CanadaCity>
<CanadaCity>
	<city>Brochet</city>
	<city_ascii>Brochet</city_ascii>
	<lat>57.883200000000002</lat>
	<lng>-101.6666</lng>
	<country>Canada</country>
	<admin_name>Manitoba</admin_name>
	<capital/>
	<population>278</population>
	<id>1124164486</id>
</CanadaCity>
<CanadaCity>
	<city>Baddeck</city>
	<city_ascii>Baddeck</city_ascii>
	<lat>46.1</lat>
	<lng>-60.753999999999998</lng>
	<country>Canada</country>
	<admin_name>Nova Scotia</admin_name>
	<capital/>
	<population>852</population>
	<id>1124594988</id>
</CanadaCity>
<CanadaCity>
	<city>Pond Inlet</city>
	<city_ascii>Pond Inlet</city_ascii>
	<lat>72.685000000000002</lat>
	<lng>-78.000100000000003</lng>
	<country>Canada</country>
	<admin_name>Nunavut</admin_name>
	<capital/>
	<population>1549</population>
	<id>1124788973</id>
</CanadaCity>
<CanadaCity>
	<city>St-Augustin</city>
	<city_ascii>St-Augustin</city_ascii>
	<lat>51.2423</lat>
	<lng>-58.646999999999998</lng>
	<country>Canada</country>
	<admin_name>Québec</admin_name>
	<capital/>
	<population>3961</population>
	<id>1124425707</id>
</CanadaCity>
<CanadaCity>
	<city>Gimli</city>
	<city_ascii>Gimli</city_ascii>
	<lat>50.633299999999998</lat>
	<lng>-97</lng>
	<country>Canada</country>
	<admin_name>Manitoba</admin_name>
	<capital/>
	<population>2623</population>
	<id>1124472413</id>
</CanadaCity>
<CanadaCity>
	<city>Red Lake</city>
	<city_ascii>Red Lake</city_ascii>
	<lat>51.033700000000003</lat>
	<lng>-93.833299999999994</lng>
	<country>Canada</country>
	<admin_name>Ontario</admin_name>
	<capital/>
	<population>1765</population>
	<id>1124856215</id>
</CanadaCity>
<CanadaCity>
	<city>Stephenville</city>
	<city_ascii>Stephenville</city_ascii>
	<lat>48.550400000000003</lat>
	<lng>-58.566600000000001</lng>
	<country>Canada</country>
	<admin_name>Newfoundland and Labrador</admin_name>
	<capital/>
	<population>7054</population>
	<id>1124000201</id>
</CanadaCity>
<CanadaCity>
	<city>Ennadai</city>
	<city_ascii>Ennadai</city_ascii>
	<lat>61.133299999999998</lat>
	<lng>-100.88330000000001</lng>
	<country>Canada</country>
	<admin_name>Nunavut</admin_name>
	<capital/>
	<population>0</population>
	<id>1124019423</id>
</CanadaCity>
<CanadaCity>
	<city>Happy Valley - Goose Bay</city>
	<city_ascii>Happy Valley - Goose Bay</city_ascii>
	<lat>53.3</lat>
	<lng>-60.3</lng>
	<country>Canada</country>
	<admin_name>Newfoundland and Labrador</admin_name>
	<capital/>
	<population>7572</population>
	<id>1124879731</id>
</CanadaCity>
<CanadaCity>
	<city>Williams Lake</city>
	<city_ascii>Williams Lake</city_ascii>
	<lat>52.116599999999998</lat>
	<lng>-122.15</lng>
	<country>Canada</country>
	<admin_name>British Columbia</admin_name>
	<capital/>
	<population>14168</population>
	<id>1124821980</id>
</CanadaCity>
<CanadaCity>
	<city>Prince Rupert</city>
	<city_ascii>Prince Rupert</city_ascii>
	<lat>54.316699999999997</lat>
	<lng>-130.33000000000001</lng>
	<country>Canada</country>
	<admin_name>British Columbia</admin_name>
	<capital/>
	<population>14708</population>
	<id>1124847707</id>
</CanadaCity>
<CanadaCity>
	<city>Chilliwack</city>
	<city_ascii>Chilliwack</city_ascii>
	<lat>49.166600000000003</lat>
	<lng>-121.95</lng>
	<country>Canada</country>
	<admin_name>British Columbia</admin_name>
	<capital/>
	<population>51942</population>
	<id>1124531262</id>
</CanadaCity>
<CanadaCity>
	<city>Radisson</city>
	<city_ascii>Radisson</city_ascii>
	<lat>53.7836</lat>
	<lng>-77.616600000000005</lng>
	<country>Canada</country>
	<admin_name>Québec</admin_name>
	<capital/>
	<population>270</population>
	<id>1124508471</id>
</CanadaCity>
<CanadaCity>
	<city>Churchill</city>
	<city_ascii>Churchill</city_ascii>
	<lat>58.765999999999998</lat>
	<lng>-94.165999999999997</lng>
	<country>Canada</country>
	<admin_name>Manitoba</admin_name>
	<capital/>
	<population>1000</population>
	<id>1124676851</id>
</CanadaCity>
<CanadaCity>
	<city>Port Hardy</city>
	<city_ascii>Port Hardy</city_ascii>
	<lat>50.717100000000002</lat>
	<lng>-127.5</lng>
	<country>Canada</country>
	<admin_name>British Columbia</admin_name>
	<capital/>
	<population>2295</population>
	<id>1124937351</id>
</CanadaCity>
<CanadaCity>
	<city>Penticton</city>
	<city_ascii>Penticton</city_ascii>
	<lat>49.500399999999999</lat>
	<lng>-119.58329999999999</lng>
	<country>Canada</country>
	<admin_name>British Columbia</admin_name>
	<capital/>
	<population>37721</population>
	<id>1124613898</id>
</CanadaCity>
<CanadaCity>
	<city>Drummondville</city>
	<city_ascii>Drummondville</city_ascii>
	<lat>45.883299999999998</lat>
	<lng>-72.483400000000003</lng>
	<country>Canada</country>
	<admin_name>Québec</admin_name>
	<capital/>
	<population>59489</population>
	<id>1124624283</id>
</CanadaCity>
<CanadaCity>
	<city>Brandon</city>
	<city_ascii>Brandon</city_ascii>
	<lat>49.833300000000001</lat>
	<lng>-99.95</lng>
	<country>Canada</country>
	<admin_name>Manitoba</admin_name>
	<capital/>
	<population>28418</population>
	<id>1124239939</id>
</CanadaCity>
<CanadaCity>
	<city>Argentia</city>
	<city_ascii>Argentia</city_ascii>
	<lat>47.300400000000003</lat>
	<lng>-53.99</lng>
	<country>Canada</country>
	<admin_name>Newfoundland and Labrador</admin_name>
	<capital/>
	<population>1063</population>
	<id>1124242107</id>
</CanadaCity>
<CanadaCity>
	<city>Kimmirut</city>
	<city_ascii>Kimmirut</city_ascii>
	<lat>62.85</lat>
	<lng>-69.883300000000006</lng>
	<country>Canada</country>
	<admin_name>Nunavut</admin_name>
	<capital/>
	<population>385</population>
	<id>1124651529</id>
</CanadaCity>
<CanadaCity>
	<city>Wiarton</city>
	<city_ascii>Wiarton</city_ascii>
	<lat>44.733699999999999</lat>
	<lng>-81.133300000000006</lng>
	<country>Canada</country>
	<admin_name>Ontario</admin_name>
	<capital/>
	<population>2182</population>
	<id>1124916771</id>
</CanadaCity>
<CanadaCity>
	<city>Ottawa</city>
	<city_ascii>Ottawa</city_ascii>
	<lat>45.416699999999999</lat>
	<lng>-75.7</lng>
	<country>Canada</country>
	<admin_name>Ontario</admin_name>
	<capital>primary</capital>
	<population>1145000</population>
	<id>1124399363</id>
</CanadaCity>
<CanadaCity>
	<city>Fort Chipewyan</city>
	<city_ascii>Fort Chipewyan</city_ascii>
	<lat>58.717100000000002</lat>
	<lng>-111.15</lng>
	<country>Canada</country>
	<admin_name>Alberta</admin_name>
	<capital/>
	<population>3222</population>
	<id>1124526582</id>
</CanadaCity>
<CanadaCity>
	<city>Fort Nelson</city>
	<city_ascii>Fort Nelson</city_ascii>
	<lat>58.816699999999997</lat>
	<lng>-122.533</lng>
	<country>Canada</country>
	<admin_name>British Columbia</admin_name>
	<capital/>
	<population>6315</population>
	<id>1124378059</id>
</CanadaCity>
<CanadaCity>
	<city>Lynn Lake</city>
	<city_ascii>Lynn Lake</city_ascii>
	<lat>56.85</lat>
	<lng>-101.05</lng>
	<country>Canada</country>
	<admin_name>Manitoba</admin_name>
	<capital/>
	<population>482</population>
	<id>1124617750</id>
</CanadaCity>
<CanadaCity>
	<city>Weyburn</city>
	<city_ascii>Weyburn</city_ascii>
	<lat>49.666600000000003</lat>
	<lng>-103.85</lng>
	<country>Canada</country>
	<admin_name>Saskatchewan</admin_name>
	<capital/>
	<population>9362</population>
	<id>1124618383</id>
</CanadaCity>
<CanadaCity>
	<city>Burns Lake</city>
	<city_ascii>Burns Lake</city_ascii>
	<lat>54.216999999999999</lat>
	<lng>-125.7666</lng>
	<country>Canada</country>
	<admin_name>British Columbia</admin_name>
	<capital/>
	<population>2635</population>
	<id>1124512812</id>
</CanadaCity>
<CanadaCity>
	<city>Nain</city>
	<city_ascii>Nain</city_ascii>
	<lat>56.547400000000003</lat>
	<lng>-61.686</lng>
	<country>Canada</country>
	<admin_name>Newfoundland and Labrador</admin_name>
	<capital/>
	<population>1151</population>
	<id>1124719084</id>
</CanadaCity>
<CanadaCity>
	<city>Prince George</city>
	<city_ascii>Prince George</city_ascii>
	<lat>53.916699999999999</lat>
	<lng>-122.7667</lng>
	<country>Canada</country>
	<admin_name>British Columbia</admin_name>
	<capital/>
	<population>65558</population>
	<id>1124733292</id>
</CanadaCity>
<CanadaCity>
	<city>Cochrane</city>
	<city_ascii>Cochrane</city_ascii>
	<lat>49.067</lat>
	<lng>-81.016599999999997</lng>
	<country>Canada</country>
	<admin_name>Ontario</admin_name>
	<capital/>
	<population>4441</population>
	<id>1124296729</id>
</CanadaCity>
<CanadaCity>
	<city>Nipigon</city>
	<city_ascii>Nipigon</city_ascii>
	<lat>49.017000000000003</lat>
	<lng>-88.25</lng>
	<country>Canada</country>
	<admin_name>Ontario</admin_name>
	<capital/>
	<population>1204</population>
	<id>1124361489</id>
</CanadaCity>
<CanadaCity>
	<city>Rivière-du-Loup</city>
	<city_ascii>Riviere-du-Loup</city_ascii>
	<lat>47.833300000000001</lat>
	<lng>-69.533299999999997</lng>
	<country>Canada</country>
	<admin_name>Québec</admin_name>
	<capital/>
	<population>16403</population>
	<id>1124662123</id>
</CanadaCity>
<CanadaCity>
	<city>St.-Jerome</city>
	<city_ascii>St.-Jerome</city_ascii>
	<lat>45.766599999999997</lat>
	<lng>-74</lng>
	<country>Canada</country>
	<admin_name>Québec</admin_name>
	<capital/>
	<population>78439</population>
	<id>1124268324</id>
</CanadaCity>
<CanadaCity>
	<city>Geraldton</city>
	<city_ascii>Geraldton</city_ascii>
	<lat>49.7166</lat>
	<lng>-86.9666</lng>
	<country>Canada</country>
	<admin_name>Ontario</admin_name>
	<capital/>
	<population>1290</population>
	<id>1124836221</id>
</CanadaCity>
<CanadaCity>
	<city>New Liskeard</city>
	<city_ascii>New Liskeard</city_ascii>
	<lat>47.5</lat>
	<lng>-79.666600000000003</lng>
	<country>Canada</country>
	<admin_name>Ontario</admin_name>
	<capital/>
	<population>5203</population>
	<id>1124394858</id>
</CanadaCity>
<CanadaCity>
	<city>Cat Lake</city>
	<city_ascii>Cat Lake</city_ascii>
	<lat>51.716999999999999</lat>
	<lng>-91.8</lng>
	<country>Canada</country>
	<admin_name>Ontario</admin_name>
	<capital/>
	<population>277</population>
	<id>1124908580</id>
</CanadaCity>
<CanadaCity>
	<city>Tofino</city>
	<city_ascii>Tofino</city_ascii>
	<lat>49.152099999999997</lat>
	<lng>-125.90309999999999</lng>
	<country>Canada</country>
	<admin_name>British Columbia</admin_name>
	<capital/>
	<population>1655</population>
	<id>1124140302</id>
</CanadaCity>
<CanadaCity>
	<city>Tsiigehtchic</city>
	<city_ascii>Tsiigehtchic</city_ascii>
	<lat>67.433300000000003</lat>
	<lng>-133.75</lng>
	<country>Canada</country>
	<admin_name>Northwest Territories</admin_name>
	<capital/>
	<population>175</population>
	<id>1124282127</id>
</CanadaCity>
<CanadaCity>
	<city>Thompson</city>
	<city_ascii>Thompson</city_ascii>
	<lat>55.749899999999997</lat>
	<lng>-97.866600000000005</lng>
	<country>Canada</country>
	<admin_name>Manitoba</admin_name>
	<capital/>
	<population>13727</population>
	<id>1124110693</id>
</CanadaCity>
<CanadaCity>
	<city>Abbotsford</city>
	<city_ascii>Abbotsford</city_ascii>
	<lat>49.050400000000003</lat>
	<lng>-122.3</lng>
	<country>Canada</country>
	<admin_name>British Columbia</admin_name>
	<capital/>
	<population>151683</population>
	<id>1124808029</id>
</CanadaCity>
<CanadaCity>
	<city>Trois-Rivières</city>
	<city_ascii>Trois Rivieres</city_ascii>
	<lat>46.35</lat>
	<lng>-72.549899999999994</lng>
	<country>Canada</country>
	<admin_name>Québec</admin_name>
	<capital/>
	<population>119693</population>
	<id>1124407487</id>
</CanadaCity>
<CanadaCity>
	<city>Peterborough</city>
	<city_ascii>Peterborough</city_ascii>
	<lat>44.3</lat>
	<lng>-78.333299999999994</lng>
	<country>Canada</country>
	<admin_name>Ontario</admin_name>
	<capital/>
	<population>83627</population>
	<id>1124440356</id>
</CanadaCity>
<CanadaCity>
	<city>Amos</city>
	<city_ascii>Amos</city_ascii>
	<lat>48.566600000000001</lat>
	<lng>-78.116699999999994</lng>
	<country>Canada</country>
	<admin_name>Québec</admin_name>
	<capital/>
	<population>10516</population>
	<id>1124939649</id>
</CanadaCity>
<CanadaCity>
	<city>Chapleau</city>
	<city_ascii>Chapleau</city_ascii>
	<lat>47.8337</lat>
	<lng>-83.4</lng>
	<country>Canada</country>
	<admin_name>Ontario</admin_name>
	<capital/>
	<population>2663</population>
	<id>1124518288</id>
</CanadaCity>
<CanadaCity>
	<city>Athabasca</city>
	<city_ascii>Athabasca</city_ascii>
	<lat>54.716999999999999</lat>
	<lng>-113.2666</lng>
	<country>Canada</country>
	<admin_name>Alberta</admin_name>
	<capital/>
	<population>2539</population>
	<id>1124006333</id>
</CanadaCity>
<CanadaCity>
	<city>Red Deer</city>
	<city_ascii>Red Deer</city_ascii>
	<lat>52.266599999999997</lat>
	<lng>-113.8</lng>
	<country>Canada</country>
	<admin_name>Alberta</admin_name>
	<capital/>
	<population>74857</population>
	<id>1124404130</id>
</CanadaCity>
<CanadaCity>
	<city>Belleville</city>
	<city_ascii>Belleville</city_ascii>
	<lat>44.166699999999999</lat>
	<lng>-77.383300000000006</lng>
	<country>Canada</country>
	<admin_name>Ontario</admin_name>
	<capital/>
	<population>43990</population>
	<id>1124786959</id>
</CanadaCity>
<CanadaCity>
	<city>Kapuskasing</city>
	<city_ascii>Kapuskasing</city_ascii>
	<lat>49.416699999999999</lat>
	<lng>-82.433300000000003</lng>
	<country>Canada</country>
	<admin_name>Ontario</admin_name>
	<capital/>
	<population>9240</population>
	<id>1124764245</id>
</CanadaCity>
<CanadaCity>
	<city>Sioux Lookout</city>
	<city_ascii>Sioux Lookout</city_ascii>
	<lat>50.262999999999998</lat>
	<lng>-91.916600000000003</lng>
	<country>Canada</country>
	<admin_name>Ontario</admin_name>
	<capital/>
	<population>4570</population>
	<id>1124804545</id>
</CanadaCity>
<CanadaCity>
	<city>Winnipeg</city>
	<city_ascii>Winnipeg</city_ascii>
	<lat>49.883000000000003</lat>
	<lng>-97.165999999999997</lng>
	<country>Canada</country>
	<admin_name>Manitoba</admin_name>
	<capital>admin</capital>
	<population>632063</population>
	<id>1124224963</id>
</CanadaCity>
<CanadaCity>
	<city>Lake Louise</city>
	<city_ascii>Lake Louise</city_ascii>
	<lat>51.433700000000002</lat>
	<lng>-116.1833</lng>
	<country>Canada</country>
	<admin_name>Alberta</admin_name>
	<capital/>
	<population>1248</population>
	<id>1124619845</id>
</CanadaCity>
<CanadaCity>
	<city>Banff</city>
	<city_ascii>Banff</city_ascii>
	<lat>51.177999999999997</lat>
	<lng>-115.5719</lng>
	<country>Canada</country>
	<admin_name>Alberta</admin_name>
	<capital/>
	<population>7502</population>
	<id>1124351648</id>
</CanadaCity>
<CanadaCity>
	<city>Doline</city>
	<city_ascii>Doline</city_ascii>
	<lat>65.183300000000003</lat>
	<lng>-123.41670000000001</lng>
	<country>Canada</country>
	<admin_name>Northwest Territories</admin_name>
	<capital/>
	<population>525</population>
	<id>1124071207</id>
</CanadaCity>
<CanadaCity>
	<city>Cambridge Bay</city>
	<city_ascii>Cambridge Bay</city_ascii>
	<lat>69.117000000000004</lat>
	<lng>-105.0333</lng>
	<country>Canada</country>
	<admin_name>Nunavut</admin_name>
	<capital/>
	<population>1477</population>
	<id>1124596377</id>
</CanadaCity>
<CanadaCity>
	<city>Biggar</city>
	<city_ascii>Biggar</city_ascii>
	<lat>52.050400000000003</lat>
	<lng>-107.9833</lng>
	<country>Canada</country>
	<admin_name>Saskatchewan</admin_name>
	<capital/>
	<population>2192</population>
	<id>1124897904</id>
</CanadaCity>
<CanadaCity>
	<city>Nanaimo</city>
	<city_ascii>Nanaimo</city_ascii>
	<lat>49.146000000000001</lat>
	<lng>-123.93429999999999</lng>
	<country>Canada</country>
	<admin_name>British Columbia</admin_name>
	<capital/>
	<population>84905</population>
	<id>1124623893</id>
</CanadaCity>
<CanadaCity>
	<city>Val d&apos;Or</city>
	<city_ascii>Val d&apos;Or</city_ascii>
	<lat>48.116599999999998</lat>
	<lng>-77.766599999999997</lng>
	<country>Canada</country>
	<admin_name>Québec</admin_name>
	<capital/>
	<population>20625</population>
	<id>1124239138</id>
</CanadaCity>
<CanadaCity>
	<city>Hall Beach</city>
	<city_ascii>Hall Beach</city_ascii>
	<lat>68.767499999999998</lat>
	<lng>-81.236099999999993</lng>
	<country>Canada</country>
	<admin_name>Nunavut</admin_name>
	<capital/>
	<population>654</population>
	<id>1124072220</id>
</CanadaCity>
<CanadaCity>
	<city>Oxford House</city>
	<city_ascii>Oxford House</city_ascii>
	<lat>54.950400000000002</lat>
	<lng>-95.266599999999997</lng>
	<country>Canada</country>
	<admin_name>Manitoba</admin_name>
	<capital/>
	<population>184</population>
	<id>1124490415</id>
</CanadaCity>
<CanadaCity>
	<city>The Pas</city>
	<city_ascii>The Pas</city_ascii>
	<lat>53.816600000000001</lat>
	<lng>-101.2333</lng>
	<country>Canada</country>
	<admin_name>Manitoba</admin_name>
	<capital/>
	<population>6055</population>
	<id>1124755168</id>
</CanadaCity>
<CanadaCity>
	<city>Meander River</city>
	<city_ascii>Meander River</city_ascii>
	<lat>59.033299999999997</lat>
	<lng>-117.68300000000001</lng>
	<country>Canada</country>
	<admin_name>Alberta</admin_name>
	<capital/>
	<population>200</population>
	<id>1124688170</id>
</CanadaCity>
<CanadaCity>
	<city>Bathurst</city>
	<city_ascii>Bathurst</city_ascii>
	<lat>47.6</lat>
	<lng>-65.650000000000006</lng>
	<country>Canada</country>
	<admin_name>New Brunswick</admin_name>
	<capital/>
	<population>6111</population>
	<id>1124816720</id>
</CanadaCity>
<CanadaCity>
	<city>Windsor</city>
	<city_ascii>Windsor</city_ascii>
	<lat>44.980600000000003</lat>
	<lng>-64.129099999999994</lng>
	<country>Canada</country>
	<admin_name>Nova Scotia</admin_name>
	<capital/>
	<population>3864</population>
	<id>1124800737</id>
</CanadaCity>
<CanadaCity>
	<city>Victoriaville</city>
	<city_ascii>Victoriaville</city_ascii>
	<lat>46.050400000000003</lat>
	<lng>-71.966700000000003</lng>
	<country>Canada</country>
	<admin_name>Québec</admin_name>
	<capital/>
	<population>41500</population>
	<id>1124149787</id>
</CanadaCity>
<CanadaCity>
	<city>Brockville</city>
	<city_ascii>Brockville</city_ascii>
	<lat>44.589300000000001</lat>
	<lng>-75.695300000000003</lng>
	<country>Canada</country>
	<admin_name>Ontario</admin_name>
	<capital/>
	<population>26458</population>
	<id>1124286131</id>
</CanadaCity>
<CanadaCity>
	<city>Hamilton</city>
	<city_ascii>Hamilton</city_ascii>
	<lat>43.25</lat>
	<lng>-79.83</lng>
	<country>Canada</country>
	<admin_name>Ontario</admin_name>
	<capital/>
	<population>721053</population>
	<id>1124567288</id>
</CanadaCity>
<CanadaCity>
	<city>Kitchener</city>
	<city_ascii>Kitchener</city_ascii>
	<lat>43.45</lat>
	<lng>-80.5</lng>
	<country>Canada</country>
	<admin_name>Ontario</admin_name>
	<capital/>
	<population>417001</population>
	<id>1124158530</id>
</CanadaCity>
<CanadaCity>
	<city>Victoria</city>
	<city_ascii>Victoria</city_ascii>
	<lat>48.433300000000003</lat>
	<lng>-123.35</lng>
	<country>Canada</country>
	<admin_name>British Columbia</admin_name>
	<capital>admin</capital>
	<population>289625</population>
	<id>1124147219</id>
</CanadaCity>
<CanadaCity>
	<city>Orangeville</city>
	<city_ascii>Orangeville</city_ascii>
	<lat>43.917099999999998</lat>
	<lng>-80.083299999999994</lng>
	<country>Canada</country>
	<admin_name>Ontario</admin_name>
	<capital/>
	<population>32640</population>
	<id>1124566061</id>
</CanadaCity>
<CanadaCity>
	<city>Sandspit</city>
	<city_ascii>Sandspit</city_ascii>
	<lat>53.240400000000001</lat>
	<lng>-131.83330000000001</lng>
	<country>Canada</country>
	<admin_name>British Columbia</admin_name>
	<capital/>
	<population>538</population>
	<id>1124264846</id>
</CanadaCity>
<CanadaCity>
	<city>Wawa</city>
	<city_ascii>Wawa</city_ascii>
	<lat>48.000399999999999</lat>
	<lng>-84.783299999999997</lng>
	<country>Canada</country>
	<admin_name>Ontario</admin_name>
	<capital/>
	<population>2174</population>
	<id>1124381797</id>
</CanadaCity>
<CanadaCity>
	<city>Kangirsuk</city>
	<city_ascii>Kangirsuk</city_ascii>
	<lat>60.024799999999999</lat>
	<lng>-69.999099999999999</lng>
	<country>Canada</country>
	<admin_name>Québec</admin_name>
	<capital/>
	<population>549</population>
	<id>1124276361</id>
</CanadaCity>
<CanadaCity>
	<city>Shawinigan</city>
	<city_ascii>Shawinigan</city_ascii>
	<lat>46.550400000000003</lat>
	<lng>-72.7333</lng>
	<country>Canada</country>
	<admin_name>Québec</admin_name>
	<capital/>
	<population>49161</population>
	<id>1124441118</id>
</CanadaCity>
<CanadaCity>
	<city>Hearst</city>
	<city_ascii>Hearst</city_ascii>
	<lat>49.700499999999998</lat>
	<lng>-83.666600000000003</lng>
	<country>Canada</country>
	<admin_name>Ontario</admin_name>
	<capital/>
	<population>5043</population>
	<id>1124376843</id>
</CanadaCity>
<CanadaCity>
	<city>Pukatawagan</city>
	<city_ascii>Pukatawagan</city_ascii>
	<lat>55.7333</lat>
	<lng>-101.31659999999999</lng>
	<country>Canada</country>
	<admin_name>Manitoba</admin_name>
	<capital/>
	<population>431</population>
	<id>1124927414</id>
</CanadaCity>
<CanadaCity>
	<city>Arviat</city>
	<city_ascii>Arviat</city_ascii>
	<lat>61.108600000000003</lat>
	<lng>-94.058599999999998</lng>
	<country>Canada</country>
	<admin_name>Nunavut</admin_name>
	<capital/>
	<population>1868</population>
	<id>1124309634</id>
</CanadaCity>
<CanadaCity>
	<city>Matagami</city>
	<city_ascii>Matagami</city_ascii>
	<lat>49.750399999999999</lat>
	<lng>-77.633300000000006</lng>
	<country>Canada</country>
	<admin_name>Québec</admin_name>
	<capital/>
	<population>1966</population>
	<id>1124686252</id>
</CanadaCity>
<CanadaCity>
	<city>Saint John</city>
	<city_ascii>Saint John</city_ascii>
	<lat>45.267000000000003</lat>
	<lng>-66.076700000000002</lng>
	<country>Canada</country>
	<admin_name>New Brunswick</admin_name>
	<capital/>
	<population>87857</population>
	<id>1124631364</id>
</CanadaCity>
<CanadaCity>
	<city>Inuvik</city>
	<city_ascii>Inuvik</city_ascii>
	<lat>68.349999999999994</lat>
	<lng>-133.69999999999999</lng>
	<country>Canada</country>
	<admin_name>Northwest Territories</admin_name>
	<capital/>
	<population>3022</population>
	<id>1124116419</id>
</CanadaCity>
<CanadaCity>
	<city>Chesterfield Inlet</city>
	<city_ascii>Chesterfield Inlet</city_ascii>
	<lat>63.338299999999997</lat>
	<lng>-90.700100000000006</lng>
	<country>Canada</country>
	<admin_name>Nunavut</admin_name>
	<capital/>
	<population>374</population>
	<id>1124208484</id>
</CanadaCity>
<CanadaCity>
	<city>Rouyn-Noranda</city>
	<city_ascii>Rouyn-Noranda</city_ascii>
	<lat>48.25</lat>
	<lng>-79.033199999999994</lng>
	<country>Canada</country>
	<admin_name>Québec</admin_name>
	<capital/>
	<population>24602</population>
	<id>1124267752</id>
</CanadaCity>
<CanadaCity>
	<city>Liverpool</city>
	<city_ascii>Liverpool</city_ascii>
	<lat>44.04</lat>
	<lng>-64.72</lng>
	<country>Canada</country>
	<admin_name>Nova Scotia</admin_name>
	<capital/>
	<population>4331</population>
	<id>1124159558</id>
</CanadaCity>
<CanadaCity>
	<city>Montréal</city>
	<city_ascii>Montreal</city_ascii>
	<lat>45.5</lat>
	<lng>-73.583299999999994</lng>
	<country>Canada</country>
	<admin_name>Québec</admin_name>
	<capital/>
	<population>3678000</population>
	<id>1124586170</id>
</CanadaCity>
<CanadaCity>
	<city>Shelburne</city>
	<city_ascii>Shelburne</city_ascii>
	<lat>43.765599999999999</lat>
	<lng>-65.319400000000002</lng>
	<country>Canada</country>
	<admin_name>Nova Scotia</admin_name>
	<capital/>
	<population>3167</population>
	<id>1124659892</id>
</CanadaCity>
<CanadaCity>
	<city>Yarmouth</city>
	<city_ascii>Yarmouth</city_ascii>
	<lat>43.830800000000004</lat>
	<lng>-66.1126</lng>
	<country>Canada</country>
	<admin_name>Nova Scotia</admin_name>
	<capital/>
	<population>7500</population>
	<id>1124983867</id>
</CanadaCity>
<CanadaCity>
	<city>Salluit</city>
	<city_ascii>Salluit</city_ascii>
	<lat>62.182600000000001</lat>
	<lng>-75.659499999999994</lng>
	<country>Canada</country>
	<admin_name>Québec</admin_name>
	<capital/>
	<population>106</population>
	<id>1124962070</id>
</CanadaCity>
<CanadaCity>
	<city>Ivugivik</city>
	<city_ascii>Ivugivik</city_ascii>
	<lat>62.416600000000003</lat>
	<lng>-77.900000000000006</lng>
	<country>Canada</country>
	<admin_name>Québec</admin_name>
	<capital/>
	<population>156</population>
	<id>1124828045</id>
</CanadaCity>
<CanadaCity>
	<city>Québec</city>
	<city_ascii>Quebec</city_ascii>
	<lat>46.84</lat>
	<lng>-71.245599999999996</lng>
	<country>Canada</country>
	<admin_name>Québec</admin_name>
	<capital>admin</capital>
	<population>624177</population>
	<id>1124823933</id>
</CanadaCity>
<CanadaCity>
	<city>Dawson City</city>
	<city_ascii>Dawson City</city_ascii>
	<lat>64.066599999999994</lat>
	<lng>-139.41669999999999</lng>
	<country>Canada</country>
	<admin_name>Yukon</admin_name>
	<capital/>
	<population>1319</population>
	<id>1124075766</id>
</CanadaCity>
<CanadaCity>
	<city>Moncton</city>
	<city_ascii>Moncton</city_ascii>
	<lat>46.083300000000001</lat>
	<lng>-64.7667</lng>
	<country>Canada</country>
	<admin_name>New Brunswick</admin_name>
	<capital/>
	<population>90635</population>
	<id>1124521303</id>
</CanadaCity>
<CanadaCity>
	<city>Digby</city>
	<city_ascii>Digby</city_ascii>
	<lat>44.622599999999998</lat>
	<lng>-65.760499999999993</lng>
	<country>Canada</country>
	<admin_name>Nova Scotia</admin_name>
	<capital/>
	<population>3949</population>
	<id>1124797865</id>
</CanadaCity>
<CanadaCity>
	<city>Fredericton</city>
	<city_ascii>Fredericton</city_ascii>
	<lat>45.95</lat>
	<lng>-66.633300000000006</lng>
	<country>Canada</country>
	<admin_name>New Brunswick</admin_name>
	<capital>admin</capital>
	<population>52337</population>
	<id>1124061289</id>
</CanadaCity>
<CanadaCity>
	<city>Dease Lake</city>
	<city_ascii>Dease Lake</city_ascii>
	<lat>58.450299999999999</lat>
	<lng>-130.0333</lng>
	<country>Canada</country>
	<admin_name>British Columbia</admin_name>
	<capital/>
	<population>303</population>
	<id>1124864417</id>
</CanadaCity>
<CanadaCity>
	<city>Charlottetown</city>
	<city_ascii>Charlottetown</city_ascii>
	<lat>46.249299999999998</lat>
	<lng>-63.131300000000003</lng>
	<country>Canada</country>
	<admin_name>Prince Edward Island</admin_name>
	<capital>admin</capital>
	<population>42402</population>
	<id>1124897699</id>
</CanadaCity>
<CanadaCity>
	<city>Inukjuak</city>
	<city_ascii>Inukjuak</city_ascii>
	<lat>58.47</lat>
	<lng>-78.135999999999996</lng>
	<country>Canada</country>
	<admin_name>Québec</admin_name>
	<capital/>
	<population>1597</population>
	<id>1124369757</id>
</CanadaCity>
<CanadaCity>
	<city>Sarnia</city>
	<city_ascii>Sarnia</city_ascii>
	<lat>42.9666</lat>
	<lng>-82.4</lng>
	<country>Canada</country>
	<admin_name>Ontario</admin_name>
	<capital/>
	<population>144172</population>
	<id>1124509835</id>
</CanadaCity>
<CanadaCity>
	<city>Edmundston</city>
	<city_ascii>Edmundston</city_ascii>
	<lat>47.379399999999997</lat>
	<lng>-68.333299999999994</lng>
	<country>Canada</country>
	<admin_name>New Brunswick</admin_name>
	<capital/>
	<population>17894</population>
	<id>1124274233</id>
</CanadaCity>
<CanadaCity>
	<city>Windsor</city>
	<city_ascii>Windsor</city_ascii>
	<lat>42.333300000000001</lat>
	<lng>-83.033299999999997</lng>
	<country>Canada</country>
	<admin_name>Ontario</admin_name>
	<capital/>
	<population>319246</population>
	<id>1124261024</id>
</CanadaCity>
<CanadaCity>
	<city>Joliette</city>
	<city_ascii>Joliette</city_ascii>
	<lat>46.033299999999997</lat>
	<lng>-73.433300000000003</lng>
	<country>Canada</country>
	<admin_name>Québec</admin_name>
	<capital/>
	<population>45361</population>
	<id>1124841554</id>
</CanadaCity>
<CanadaCity>
	<city>Amherst</city>
	<city_ascii>Amherst</city_ascii>
	<lat>45.816600000000001</lat>
	<lng>-64.2166</lng>
	<country>Canada</country>
	<admin_name>Nova Scotia</admin_name>
	<capital/>
	<population>9336</population>
	<id>1124895094</id>
</CanadaCity>
<CanadaCity>
	<city>Sept-Îles</city>
	<city_ascii>Sept-Iles</city_ascii>
	<lat>50.316099999999999</lat>
	<lng>-66.36</lng>
	<country>Canada</country>
	<admin_name>Québec</admin_name>
	<capital/>
	<population>25686</population>
	<id>1124406431</id>
</CanadaCity>
</CanadaCities>